job,website,company,salary
Python高级开发工程师,http://company.zhaopin.com/%E5%8C%97%E4%BA%AC%E6%A3%A3%E5%8D%97%E6%96%B0%E5%AE%87%E7%A7%91%E6%8A%80%E6%9C%89%E9%99%90%E5%85%AC%E5%8F%B8_CC120570227.htm,北京棣南新宇科技有限公司,15001-20000
Python开发工程师,http://company.zhaopin.com/%E5%8C%97%E4%BA%AC%E6%81%92%E4%BF%A1%E9%80%9A%E8%AF%9A%E7%A7%91%E6%8A%80%E6%9C%89%E9%99%90%E5%85%AC%E5%8F%B8_CC188304626.htm,北京恒信通诚科技有限公司,5000-8000
linux运维工程师（熟练python）,http://company.zhaopin.com/CC311289936.htm,北京云纵信息技术有限公司,18000-28000
后端工程师/Python工程师,http://company.zhaopin.com/CC514689632.htm,广州胖虾网络科技有限公司,4001-6000
Python工程师（中级）,http://company.zhaopin.com/CC325098280.htm,北京明特量化信息技术有限公司,15000-25000
python开发工程师 [北京],http://company.zhaopin.com/CC562114535.htm,深圳市源极光科技有限公司,15000-20000
Python开发工程师待遇从优,http://company.zhaopin.com/CC444406089.htm,广州百单网互联网科技有限公司,4001-6000
Python开发工程师待遇从优,http://company.zhaopin.com/CC540062934.htm,北京升凯网络科技有限公司,4001-6000
python开发工程师,http://company.zhaopin.com/CC508620126.htm,中软国际科技服务有限公司,面议
Python开发工程师待遇从优,http://company.zhaopin.com/CC540049933.htm,北京玖易创新网络科技有限公司,4001-6000
Python工程师【坐标郑州】,http://company.zhaopin.com/CC319483532.htm,河南奇酷信息技术有限公司,10001-15000
python工程师,http://company.zhaopin.com/CC637701223.htm,浙江九州云信息科技有限公司,15000-30000
开发工程师（Go&Python）,http://company.zhaopin.com/CC608869229.htm,北京金山云网络技术有限公司,15000-30000
Python数据工程师,http://company.zhaopin.com/CC320449689.htm,易思互动(北京)科技有限公司,12000-24000
高级Python WEB工程师（SAAS方向）,http://company.zhaopin.com/CC320449689.htm,易思互动(北京)科技有限公司,20000-35000
python工程师-大数据方向,http://company.zhaopin.com/CC434383686.htm,北京爱尖子教育科技有限责任公司,15000-30000
高级python工程师（北京）,http://company.zhaopin.com/CC491469330D90250081000.htm,深圳码隆科技有限公司,25000-40000
Python工程师,http://company.zhaopin.com/CC273511830.htm,零氪信息技术(北京)有限公司,15001-20000
Python工程师,http://company.zhaopin.com/%E5%8C%97%E4%BA%AC%E6%99%BA%E6%85%A7%E6%98%9F%E5%85%89%E4%BF%A1%E6%81%AF%E6%8A%80%E6%9C%AF%E6%9C%89%E9%99%90%E5%85%AC%E5%8F%B8_CC467352913.htm,北京智慧星光信息技术有限公司,20000-25000
python工程师(中关村),http://special.zhaopin.com/pagepublish/19691181/index.html,北京腾信软创科技股份有限公司,10001-15000
Python开发工程师（北京）,http://company.zhaopin.com/CZ544024680.htm,深圳市前海谷雨网络科技有限公司,10000-20000
Python开发工程师,http://company.zhaopin.com/CC596626722.htm,开网科技(北京)有限公司,10001-15000
Python软件工程师（仪器研发类）,http://company.zhaopin.com/CC566441529.htm,卡尤迪生物科技(北京)有限公司,15001-20000
Python web 开发工程师,http://company.zhaopin.com/CC000584532.htm,北京华胜天成科技股份有限公司,15001-20000
算法工程师（Java/Scala/Python/R方向）,http://company.zhaopin.com/CC213935487.htm,北京中能博泰科技有限公司,15001-20000
python开发工程师,http://company.zhaopin.com/CC366553888.htm,大连信雅达软件有限公司北京办事处,10001-15000
数据挖掘工程师（R/Python）-北京-00070,http://company.zhaopin.com/CC681023527.htm,博易智软(北京)技术股份有限公司,10001-15000
Python开发工程师,http://company.zhaopin.com/CC293110035.htm,北京全品文教科技股份有限公司,15000-30000
Python/Django web开发工程师,http://company.zhaopin.com/CC336172833.htm,永盛志远科技集团有限公司,20001-30000
Python爬虫工程师,http://company.zhaopin.com/CC336172833.htm,永盛志远科技集团有限公司,20001-30000
后端工程师（Python）,http://company.zhaopin.com/CC317243584.htm,北京美洽网络科技有限公司,15001-20000
Python研发工程师,http://company.zhaopin.com/CC313785038.htm,上海诚信互通网络信息科技有限公司,15000-30000
Python开发工程师,http://company.zhaopin.com/%E5%8C%97%E4%BA%AC%E6%B4%8B%E6%B5%A6%E4%BC%9F%E4%B8%9A%E7%A7%91%E6%8A%80%E5%8F%91%E5%B1%95%E6%9C%89%E9%99%90%E5%85%AC%E5%8F%B8_CC258426519.htm,北京梆梆安全科技有限公司,10001-15000
Python开发工程师,http://company.zhaopin.com/CC293254787.htm,北京微步在线科技有限公司,15000-30000
Python开发工程师,http://company.zhaopin.com/CC414704837.htm,北京汉迪移动互联网科技股份有限公司,15000-30000
python服务端开发工程师,http://company.zhaopin.com/CC288485887.htm,混沌时代(北京)教育科技有限公司,20001-30000
Python工程师,http://company.zhaopin.com/%E5%8C%97%E4%BA%AC%E8%83%BD%E9%80%9A%E5%A4%A9%E4%B8%8B%E7%BD%91%E7%BB%9C%E6%8A%80%E6%9C%AF%E6%9C%89%E9%99%90%E5%85%AC%E5%8F%B8_CC249418817.htm,北京能通天下网络技术有限公司,10000-20000
Python开发工程师,http://special.zhaopin.com/bj/2013/zkrk062859,中科软科技股份有限公司,8000-12000
高级Python开发工程师,http://special.zhaopin.com/bj/2013/ygbx080974/,阳光保险集团股份有限公司,面议
Python高级/z中级开发工程师,http://company.zhaopin.com/P10/CC1205/7199/CC120571992.htm,北京吉瑞德商科技有限公司,8000-16000
高级Python开发工程师,http://company.zhaopin.com/CC410905536.htm,陪我欢乐(北京)科技有限公司,20001-30000
Python开发工程师,http://company.zhaopin.com/%E5%8C%97%E4%BA%AC%E5%88%9B%E6%99%BA%E4%BF%A1%E7%A7%91%E7%A7%91%E6%8A%80%E6%9C%89%E9%99%90%E5%85%AC%E5%8F%B8_CC140513769.htm,北京创智信科科技股份有限公司,15001-20000
Python开发工程师,http://company.zhaopin.com/CC265601682.htm,北京币贝科技有限公司,15001-20000
Python开发工程师,http://company.zhaopin.com/CZ412756630.htm,领途教育咨询(北京)有限公司,10000-20000
中级Python开发工程师,http://company.zhaopin.com/CC320489439.htm,北京赛宁网安科技有限公司,15001-20000
QT/Python软件开发工程师（Linux）,http://company.zhaopin.com/%E5%8C%97%E4%BA%AC%E6%98%9F%E7%BD%91%E5%AE%87%E8%BE%BE%E7%A7%91%E6%8A%80%E5%BC%80%E5%8F%91%E6%9C%89%E9%99%90%E5%85%AC%E5%8F%B8_CC133006700.htm,北京星网宇达科技股份有限公司,10001-15000
python爬虫工程师,http://company.zhaopin.com/CC421475684.htm,北京神州云合数据科技发展有限公司,10000-20000
Python高级开发工程师,http://company.zhaopin.com/%E5%8C%97%E4%BA%AC%E6%A3%A3%E5%8D%97%E6%96%B0%E5%AE%87%E7%A7%91%E6%8A%80%E6%9C%89%E9%99%90%E5%85%AC%E5%8F%B8_CC120570227.htm,北京棣南新宇科技有限公司,15001-20000
Python高级开发工程师,http://company.zhaopin.com/%E5%8C%97%E4%BA%AC%E6%A3%A3%E5%8D%97%E6%96%B0%E5%AE%87%E7%A7%91%E6%8A%80%E6%9C%89%E9%99%90%E5%85%AC%E5%8F%B8_CC120570227.htm,北京棣南新宇科技有限公司,15001-20000
后端python工程师,http://company.zhaopin.com/CZ751803270.htm,水木品格科技(北京)有限公司,10000-20000
Python开发工程师,http://company.zhaopin.com/CC492400937.htm,北京缔联科技有限公司,8000-15000
python开发工程师,http://company.zhaopin.com/P6/CC0001/4095/CC000140955.htm,北京中创信测科技股份有限公司,15001-20000
Python开发工程师,http://company.zhaopin.com/P6/CC0001/4095/CC000140955.htm,北京中创信测科技股份有限公司,12000-18000
Python开发工程师,http://company.zhaopin.com/P6/CC0001/4095/CC000140955.htm,北京中创信测科技股份有限公司,15000-25000
Python工程师-实习生,http://company.zhaopin.com/CC405232187.htm,北京上格云技术有限公司,2001-4000
Python工程师,http://company.zhaopin.com/CC568782139.htm,北京弘道智慧中医技术有限公司,10000-20000
高级Python工程师,http://company.zhaopin.com/CZ200376530.htm,慕华(北京)网络技术有限公司,20001-30000
python中级开发工程师,http://company.zhaopin.com/CC339557937.htm,北京富邦智慧物联科技有限公司,10000-20000
高级python研发工程师,http://company.zhaopin.com/CC688947920.htm,北京云途腾科技有限责任公司,15000-25000
服务器端Python开发工程师,http://company.zhaopin.com/CC334247837.htm,北京新界教育科技有限公司,8000-16000
Python开发工程师,http://company.zhaopin.com/%E7%AB%8B%E4%BF%A1%E4%BC%9A%E8%AE%A1%E5%B8%88%E4%BA%8B%E5%8A%A1%E6%89%80%28%E7%89%B9%E6%AE%8A%E6%99%AE%E9%80%9A%E5%90%88%E4%BC%99%29%E5%8C%97%E4%BA%AC%E5%88%86%E6%89%80_CC464802915.htm,立信会计师事务所(特殊普通合伙)北京分所,15001-20000
python数据分析工程师,http://company.zhaopin.com/CC280194480.htm,北京众蓝科技有限公司,15000-30000
python开发工程师,http://company.zhaopin.com/CC262989289.htm,北京联晖创元科技有限公司,8001-10000
Python开发工程师,http://company.zhaopin.com/CC589628226.htm,北京联科华盛教育科技有限公司,20001-30000
PHP/Python开发工程师,http://company.zhaopin.com/CC466625418.htm,北京多牛互动传媒股份有限公司,10001-15000
Python后台工程师,http://company.zhaopin.com/CC324103522.htm,清华大学交通研究所,15001-20000
软件开发工程师(python/c++)-NDS,http://special.zhaopin.com/bj/2012/siwei092527,北京四维图新科技股份有限公司,8000-15000
Python软件工程师,http://company.zhaopin.com/CC566441529.htm,卡尤迪生物科技(北京)有限公司,15001-20000
Python高级开发工程师,http://company.zhaopin.com/%E5%8C%97%E4%BA%AC%E6%A3%A3%E5%8D%97%E6%96%B0%E5%AE%87%E7%A7%91%E6%8A%80%E6%9C%89%E9%99%90%E5%85%AC%E5%8F%B8_CC120570227.htm,北京棣南新宇科技有限公司,15001-20000
Python高级开发工程师,http://company.zhaopin.com/%E5%8C%97%E4%BA%AC%E6%A3%A3%E5%8D%97%E6%96%B0%E5%AE%87%E7%A7%91%E6%8A%80%E6%9C%89%E9%99%90%E5%85%AC%E5%8F%B8_CC120570227.htm,北京棣南新宇科技有限公司,15001-20000
Python高级开发工程师,http://company.zhaopin.com/%E5%8C%97%E4%BA%AC%E6%A3%A3%E5%8D%97%E6%96%B0%E5%AE%87%E7%A7%91%E6%8A%80%E6%9C%89%E9%99%90%E5%85%AC%E5%8F%B8_CC120570227.htm,北京棣南新宇科技有限公司,15001-20000
Python高级开发工程师,http://company.zhaopin.com/%E5%8C%97%E4%BA%AC%E6%A3%A3%E5%8D%97%E6%96%B0%E5%AE%87%E7%A7%91%E6%8A%80%E6%9C%89%E9%99%90%E5%85%AC%E5%8F%B8_CC120570227.htm,北京棣南新宇科技有限公司,15001-20000
Python高级开发工程师,http://company.zhaopin.com/%E5%8C%97%E4%BA%AC%E6%A3%A3%E5%8D%97%E6%96%B0%E5%AE%87%E7%A7%91%E6%8A%80%E6%9C%89%E9%99%90%E5%85%AC%E5%8F%B8_CC120570227.htm,北京棣南新宇科技有限公司,15001-20000
Python高级开发工程师,http://company.zhaopin.com/%E5%8C%97%E4%BA%AC%E6%A3%A3%E5%8D%97%E6%96%B0%E5%AE%87%E7%A7%91%E6%8A%80%E6%9C%89%E9%99%90%E5%85%AC%E5%8F%B8_CC120570227.htm,北京棣南新宇科技有限公司,15001-20000
Python高级开发工程师,http://company.zhaopin.com/%E5%8C%97%E4%BA%AC%E6%A3%A3%E5%8D%97%E6%96%B0%E5%AE%87%E7%A7%91%E6%8A%80%E6%9C%89%E9%99%90%E5%85%AC%E5%8F%B8_CC120570227.htm,北京棣南新宇科技有限公司,15001-20000
Python高级开发工程师,http://company.zhaopin.com/%E5%8C%97%E4%BA%AC%E6%A3%A3%E5%8D%97%E6%96%B0%E5%AE%87%E7%A7%91%E6%8A%80%E6%9C%89%E9%99%90%E5%85%AC%E5%8F%B8_CC120570227.htm,北京棣南新宇科技有限公司,15001-20000
Python高级开发工程师,http://company.zhaopin.com/%E5%8C%97%E4%BA%AC%E6%A3%A3%E5%8D%97%E6%96%B0%E5%AE%87%E7%A7%91%E6%8A%80%E6%9C%89%E9%99%90%E5%85%AC%E5%8F%B8_CC120570227.htm,北京棣南新宇科技有限公司,15001-20000
python开发工程师,http://company.zhaopin.com/P6/CC0001/4095/CC000140955.htm,北京中创信测科技股份有限公司,10001-15000
